1,STUDENT,joao.marins@usp.br,joao.marins,Joao Gustavo Cabral de Marins,0,9,1,5,2
2,PROFESSOR,adenilso@icmc.usp.br,adenilso,Adenilso da Silva Simao,0,
3,OTHER,fernando.zz@icmc.usp.br,fernando.zz,Fernando Mazzola,0,
4,STUDENT,damascenodiego@usp.br,damascenodiego,Diego Damasceno,0,
5,PROFESSOR,taspardo@icmc.usp.br,taspardo,Thiago Alexandre Salgueiro Pardo,0,
6,STUDENT,joao.renato.lima@usp.br,joao.renato.lima,João Zanetti,0,
7,STUDENT,gustavo2.santiago@usp.br,gustavo2.santiago,Gustavo Santiago,0,
